OpportunityId,OwnerId,NoteDate,SellerNote,TrainingDataNotice
006SYNAUG001,OWN-A01,2026-08-10,Confirm renewal scope with finance,SYNTHETIC DATA - fictional companies. No real customer data.
006SYNAUG002,OWN-A02,2026-07-03,Reconfirm executive review date,SYNTHETIC DATA - fictional companies. No real customer data.
006SYNAUG003,OWN-A03,2026-08-06,Document the business case owner,SYNTHETIC DATA - fictional companies. No real customer data.
006SYNAUG004,OWN-A04,2026-08-08,Complete procurement approval,SYNTHETIC DATA - fictional companies. No real customer data.
006SYNAUG005,OWN-A01,2026-06-30,Confirm whether the evaluation is active,SYNTHETIC DATA - fictional companies. No real customer data.
006SYNAUG006,OWN-A02,2026-08-03,Resolve security review questions,SYNTHETIC DATA - fictional companies. No real customer data.
006SYNAUG007,OWN-A03,2026-07-29,Confirm renewal decision process,SYNTHETIC DATA - fictional companies. No real customer data.
006SYNAUG008,OWN-A04,2026-08-05,Review the revised close plan,SYNTHETIC DATA - fictional companies. No real customer data.
006SYNAUG009,OWN-A01,2026-07-31,Schedule value review,SYNTHETIC DATA - fictional companies. No real customer data.
006SYNAUG010,OWN-A02,2026-08-12,Confirm final approver,SYNTHETIC DATA - fictional companies. No real customer data.
006SYNAUG011,OWN-A03,2026-07-21,Complete use-case discovery,SYNTHETIC DATA - fictional companies. No real customer data.
006SYNAUG012,OWN-A04,2026-06-20,Reconfirm buyer meeting,SYNTHETIC DATA - fictional companies. No real customer data.
006SYNAUG013,OWN-A01,2026-08-02,Identify technical evaluator,SYNTHETIC DATA - fictional companies. No real customer data.
006SYNAUG014,OWN-A02,2026-06-05,Confirm evaluation timeline,SYNTHETIC DATA - fictional companies. No real customer data.
006SYNAUG015,OWN-A03,2026-07-28,Confirm expansion scope,SYNTHETIC DATA - fictional companies. No real customer data.
006SYNAUG016,OWN-A04,2026-08-04,Confirm data-readiness owner,SYNTHETIC DATA - fictional companies. No real customer data.
